{
  "accuracy": 0.7333333333333333,
  "precision": 0.5377777777777778,
  "recall": 0.7333333333333333,
  "f1": 0.6205128205128205,
  "confusion_matrix": [
    [
      11,
      0
    ],
    [
      4,
      0
    ]
  ],
  "num_samples": 15,
  "class_distribution": {
    "local": 11,
    "cloud": 4
  }
}