{
  "train_loss": [
    0.6865947842597961,
    0.6856056809425354,
    0.7313484430313111,
    0.6540094971656799,
    0.6752197861671447,
    0.5717755556106567,
    0.5373161554336547,
    0.6218183398246765,
    0.5474999427795411,
    0.5179365277290344,
    0.49658122658729553,
    0.4648764431476593,
    0.4930274307727814,
    0.48829078674316406,
    0.4520678102970123,
    0.4265504002571106,
    0.4033191442489624,
    0.4923409461975098,
    0.44143904447555543,
    0.4137026906013489,
    0.4171299159526825,
    0.356192809343338,
    0.3484646677970886,
    0.34918484687805174,
    0.3577371656894684,
    0.3047663658857346,
    0.2975431323051453,
    0.3278056442737579,
    0.25932705998420713,
    0.2988566279411316,
    0.2729426383972168,
    0.2577770948410034,
    0.24999358654022216,
    0.23982308506965638,
    0.20936857163906097,
    0.23273491859436035,
    0.20159187614917756,
    0.1795363739132881,
    0.1808498442173004,
    0.1865084648132324,
    0.1490103378891945,
    0.16022446975111962,
    0.18512258529663086,
    0.1446623459458351,
    0.12961634993553162,
    0.1244626596570015,
    0.11072926968336105,
    0.09795607700943947,
    0.11880159303545952,
    0.0963267058134079
  ],
  "train_acc": [
    0.6,
    0.6142857142857143,
    0.5142857142857142,
    0.5857142857142857,
    0.6571428571428571,
    0.7428571428571429,
    0.7142857142857143,
    0.6428571428571429,
    0.7571428571428571,
    0.8,
    0.7714285714285715,
    0.8714285714285714,
    0.8142857142857143,
    0.8428571428571429,
    0.8142857142857143,
    0.8714285714285714,
    0.8857142857142857,
    0.8142857142857143,
    0.8571428571428571,
    0.8285714285714286,
    0.8714285714285714,
    0.9428571428571428,
    0.9285714285714286,
    0.9285714285714286,
    0.9285714285714286,
    0.9285714285714286,
    0.9428571428571428,
    0.8857142857142857,
    0.9714285714285714,
    0.9142857142857143,
    0.9714285714285714,
    0.9428571428571428,
    0.9428571428571428,
    0.9571428571428572,
    0.9857142857142858,
    0.9857142857142858,
    0.9714285714285714,
    0.9857142857142858,
    0.9714285714285714,
    0.9857142857142858,
    0.9714285714285714,
    0.9714285714285714,
    0.9857142857142858,
    0.9571428571428572,
    1.0,
    0.9857142857142858,
    0.9857142857142858,
    0.9857142857142858,
    0.9714285714285714,
    1.0
  ],
  "val_loss": [
    0.6204081773757935,
    0.6078528165817261,
    0.5837751626968384,
    0.5589047074317932,
    0.5299476981163025,
    0.49460235238075256,
    0.4658516049385071,
    0.44358012080192566,
    0.4316037595272064,
    0.43969592452049255,
    0.44673952460289,
    0.44021520018577576,
    0.4335460960865021,
    0.41747698187828064,
    0.43071886897087097,
    0.4330599904060364,
    0.4349995255470276,
    0.4073958694934845,
    0.39449942111968994,
    0.3815576434135437,
    0.3725679814815521,
    0.3575201630592346,
    0.35455605387687683,
    0.3518912196159363,
    0.34642931818962097,
    0.3297611474990845,
    0.31926652789115906,
    0.3119280934333801,
    0.31039121747016907,
    0.3049493134021759,
    0.3083707392215729,
    0.2943606674671173,
    0.29048240184783936,
    0.294632226228714,
    0.2893165051937103,
    0.2865183651447296,
    0.28317928314208984,
    0.2744297385215759,
    0.27464306354522705,
    0.2658216059207916,
    0.2610122561454773,
    0.2650696635246277,
    0.27179643511772156,
    0.27422845363616943,
    0.2751394808292389,
    0.274786114692688,
    0.26842254400253296,
    0.26298096776008606,
    0.26569056510925293,
    0.27038392424583435
  ],
  "val_acc": [
    0.9333333333333333,
    0.9333333333333333,
    0.8666666666666667,
    0.8666666666666667,
    0.9333333333333333,
    0.9333333333333333,
    0.9333333333333333,
    0.9333333333333333,
    0.9333333333333333,
    0.9333333333333333,
    0.9333333333333333,
    0.9333333333333333,
    0.9333333333333333,
    0.9333333333333333,
    0.9333333333333333,
    0.9333333333333333,
    0.9333333333333333,
    0.9333333333333333,
    0.9333333333333333,
    0.9333333333333333,
    0.9333333333333333,
    0.9333333333333333,
    0.9333333333333333,
    0.9333333333333333,
    0.9333333333333333,
    0.9333333333333333,
    0.9333333333333333,
    0.9333333333333333,
    0.9333333333333333,
    0.9333333333333333,
    0.9333333333333333,
    0.9333333333333333,
    0.9333333333333333,
    0.9333333333333333,
    0.9333333333333333,
    0.9333333333333333,
    0.9333333333333333,
    0.9333333333333333,
    0.9333333333333333,
    0.9333333333333333,
    0.9333333333333333,
    0.9333333333333333,
    0.9333333333333333,
    0.9333333333333333,
    0.9333333333333333,
    0.9333333333333333,
    0.9333333333333333,
    0.9333333333333333,
    0.9333333333333333,
    0.9333333333333333
  ]
}